<?xml version="1.0" encoding="UTF-8"?>
<project-private xmlns="http://www.netbeans.org/ns/project-private/1">
    <editor-bookmarks xmlns="http://www.netbeans.org/ns/editor-bookmarks/2" lastBookmarkId="0"/>
    <open-files xmlns="http://www.netbeans.org/ns/projectui-open-files/2">
        <group>
            <file>file:/F:/Rafael/Mackenzie/lp2/Segurado/src/segurado/Cirurgico.java</file>
            <file>file:/F:/Rafael/Mackenzie/lp2/Segurado/src/segurado/Estado.java</file>
            <file>file:/F:/Rafael/Mackenzie/lp2/Segurado/src/segurado/planoSaude.java</file>
            <file>file:/F:/Rafael/Mackenzie/lp2/Segurado/src/segurado/Local.java</file>
            <file>file:/F:/Rafael/Mackenzie/lp2/Segurado/src/segurado/Procedimento.java</file>
            <file>file:/F:/Rafael/Mackenzie/lp2/Segurado/src/segurado/Ambulatorial.java</file>
            <file>file:/F:/Rafael/Mackenzie/lp2/Segurado/src/segurado/ListaDeProcedimentos.java</file>
            <file>file:/F:/Rafael/Mackenzie/lp2/Segurado/src/segurado/Segurado.java</file>
            <file>file:/F:/Rafael/Mackenzie/lp2/Segurado/src/segurado/Autorizacao.java</file>
        </group>
    </open-files>
</project-private>
